id,name,ilvl,type
17010,Fiery Core,60,Reagent
16807,Felheart Shoulder Pads,66,Cloth Armor
16797,Arcanist Mantle,66,Cloth Armor
17110,Seal of the Archmagus,70,Ring
16836,Cenarion Spaulders,66,Leather Armor
16856,Lawbringer Spaulders,66,Plate Armor
16844,Earthfury Epaulets,66,Mail Armor
18823,Aged Core Leather Gloves,69,Leather Armor
18821,Quick Strike Ring,67,Ring
19142,Fire Runed Grimoire,70,Off-hand Frill
19143,Flameguard Gauntlets,69,Plate Armor
19136,Mana Igniting Cord,71,Cloth Armor
18822,Obsidian Edged Blade,68,Two-Handed Sword
18820,Talisman of Ephemeral Power,66,Trinket
18861,Flamewaker Legplates,61,Plate Armor
18824,Magma Tempered Boots,70,Plate Armor
18252,Pattern: Core Armor Kit,60,Leatherworking Pattern
18264,Plans: Elemental Sharpening Stone,60,Blacksmithing Plans
18291,Schematic: Force Reactive Disk,65,Engineering Schematic
18564,Bindings of the Windseeker,70,Quest
7068,Elemental Fire,25,Elemental
7078,Essence of Fire,55,Elemental
7077,Heart of Fire,45,Elemental
4787,Burning Pitch,1,Junk
17011,Lava Core,60,Reagent
17105,Aurastone Hammer,69,One-Handed Mace
18832,Brutality Blade,70,One-Handed Sword
17071,Gutgore Ripper,69,Dagger
16795,Arcanist Crown,66,Cloth Armor
16834,Cenarion Helm,66,Leather Armor
17066,Drillborer Disk,67,Shield
16846,Giantstalker's Helmet,66,Mail Armor
16866,Helm of Might,66,Plate Armor
16821,Nightslayer Cover,66,Leather Armor
16813,Circlet of Prophecy,66,Cloth Armor
16808,Felheart Horns,66,Cloth Armor
16854,Lawbringer Helm,66,Plate Armor
16842,Earthfury Helmet,66,Mail Armor
18829,Deep Earth Spaulders,71,Mail Armor
8150,Deeprock Salt,40,Leather
7076,Essence of Earth,55,Elemental
7075,Core of Earth,45,Elemental
16812,Gloves of Prophecy,66,Cloth Armor
16826,Nightslayer Gloves,66,Leather Armor
16862,Sabatons of Might,66,Plate Armor
16849,Giantstalker's Boots,66,Mail Armor
17331,Hand of Gehennas,1,Quest
16860,Lawbringer Gauntlets,66,Plate Armor
16839,Earthfury Gauntlets,66,Mail Armor
17077,Crimson Shocker,63,Wand
18872,Manastorm Leggings,63,Cloth Armor
19147,Ring of Spell Power,66,Ring
19145,Robe of Volatile Power,66,Cloth Armor
18875,Salamander Scale Pants,64,Leather Armor
18878,Sorcerous Dagger,65,Dagger
19146,Wristguards of Stability,65,Leather Armor
18879,Heavy Dark Iron Ring,66,Ring
17203,Sulfuron Ingot,60,Metal & Stone
17103,Azuresong Mageblade,71,One-Handed Sword
18842,Staff of Dominance,70,Staff
16798,Arcanist Robes,66,Cloth Armor
16820,Nightslayer Chestpiece,66,Leather Armor
17072,Blastershot Launcher,70,Gun
16809,Felheart Robes,66,Cloth Armor
16845,Giantstalker's Breastplate,66,Mail Armor
16815,Robes of Prophecy,66,Cloth Armor
16865,Breastplate of Might,66,Plate Armor
16833,Cenarion Vestments,66,Leather Armor
16853,Lawbringer Chestguard,66,Plate Armor
16841,Earthfury Vestments,66,Mail Armor
18257,Recipe: Major Rejuvenation Potion,60,Alchemy Recipe
16665,Tome of Tranquilizing Shot,60,Book
16805,Felheart Gloves,66,Cloth Armor
16863,Gauntlets of Might,66,Plate Armor
17109,Choker of Enlightenment,65,Amulet
16800,Arcanist Boots,66,Cloth Armor
16829,Cenarion Boots,66,Leather Armor
17329,Hand of Lucifron,1,Quest
16859,Lawbringer Boots,66,Plate Armor
16837,Earthfury Boots,66,Mail Armor
17073,Earthshaker,66,Two-Handed Mace
17069,Striker's Mark,69,Bow
16814,Pants of Prophecy,66,Cloth Armor
16810,Felheart Pants,66,Cloth Armor
16796,Arcanist Leggings,66,Cloth Armor
16835,Cenarion Leggings,66,Leather Armor
17065,Medallion of Steadfast Might,68,Amulet
18203,Eskhandar's Right Claw,66,Fist Weapon
16847,Giantstalker's Leggings,66,Mail Armor
16867,Legplates of Might,66,Plate Armor
16822,Nightslayer Pants,66,Leather Armor
16855,Lawbringer Legplates,66,Plate Armor
16843,Earthfury Legguards,66,Mail Armor
19144,Sabatons of the Flamewalker,68,Mail Armor
18260,Formula: Enchant Weapon - Healing Power,60,Enchanting Formula
17012,Core Leather,60,Leather
11370,Dark Iron Ore,50,Metal & Stone
21558,Small Blue Rocket,1,Consumable
21559,Small Green Rocket,1,Consumable
21557,Small Red Rocket,1,Consumable
21561,Small White Rocket,1,Consumable
21562,Small Yellow Rocket,1,Consumable
21589,Large Blue Rocket,1,Consumable
21590,Large Green Rocket,1,Consumable
21592,Large Red Rocket,1,Consumable
21593,Large White Rocket,1,Consumable
21595,Large Yellow Rocket,1,Consumable
18703,Ancient Petrified Leaf,71,Quest
18805,Core Hound Tooth,70,Dagger
18811,Fireproof Cloak,71,Cloak
18809,Sash of Whispered Secrets,71,Cloth Armor
14343,Small Brilliant Shard,50,Enchanting
18646,The Eye of Divinity,71,Trinket
18810,Wild Growth Spaulders,71,Leather Armor
18812,Wristguards of True Flight,71,Mail Armor
14344,Large Brilliant Shard,55,Enchanting
3357,Liferoot,30,Herb
11176,Dream Dust,45,Trade Good
18815,Essence of the Pure Flame,75,Trinket
16915,Netherwind Pants,76,Cloth Armor
17102,Cloak of the Shrouded Mists,74,Cloak
16930,Nemesis Leggings,76,Cloth Armor
16909,Bloodfang Pants,76,Leather Armor
16954,Judgement Legplates,76,Plate Armor
16922,Leggings of Transcendence,76,Cloth Armor
16946,Legplates of Ten Storms,76,Mail Armor
17106,Malistar's Defender,75,Shield
19137,Onslaught Girdle,78,Plate Armor
18816,Perdition's Blade,77,Dagger
16901,Stormrage Legguards,76,Leather Armor
17063,Band of Accuria,78,Ring
19138,Band of Sulfuras,78,Ring
18814,Choker of the Fire Lord,78,Amulet
17107,Dragon's Blood Cape,73,Cloak
16938,Dragonstalker's Legguards,76,Mail Armor
17204,Eye of Sulfuras,60,Other (Trade Goods)
17082,Shard of the Flame,74,Trinket
17076,Bonereaver's Edge,77,Two-Handed Sword
18817,Crown of Destruction,76,Mail Armor
21106,Draconic for Dummies,1,Other (Miscellaneous)
16962,Legplates of Wrath,76,Plate Armor
17104,Spinal Reaper,76,Two-Handed Axe
13008,Dalewind Trousers,52,Cloth Armor
13007,Mageflame Cloak,58,Cloak
13118,Serpentine Sash,57,Leather Armor
13013,Elder Wizard's Mantle,56,Cloth Armor
13053,Doombringer,60,Two-Handed Sword
13111,Sandals of the Insurgent,54,Leather Armor
13072,Stonegrip Gauntlets,60,Plate Armor
13130,Windrunner Legguards,56,Mail Armor
13036,Assassination Blade,57,One-Handed Sword
13126,Battlecaller Gauntlets,53,Mail Armor
13009,Cow King's Hide,51,Leather Armor
13120,Deepfury Bracers,55,Leather Armor
13075,Direwing Legguards,63,Plate Armor
13133,Drakesfire Epaulets,61,Mail Armor
13123,Dreamwalker Armor,62,Mail Armor
9402,Earthborn Kilt,60,Leather Armor
13125,Elven Chain Boots,50,Mail Armor
2564,Elven Spirit Claws,50,Leather Armor
13113,Feathermoon Headdress,63,Leather Armor
13077,Girdle of Uther,57,Plate Armor
13040,Heartseeking Crossbow,56,Crossbow
13067,Hydralick Armor,54,Plate Armor
13002,Lady Alizabeth's Pendant,59,Amulet
13003,Lord Alexander's Battle Axe,56,Two-Handed Axe
13135,Lordly Armguards,59,Mail Armor
16801,Arcanist Gloves,66,Cloth Armor
16831,Cenarion Gloves,66,Leather Armor
16852,Giantstalker's Gloves,66,Mail Armor
16811,Boots of Prophecy,66,Cloth Armor
16803,Felheart Slippers,66,Cloth Armor
17332,Hand of Shazzrah,1,Quest
16824,Nightslayer Boots,66,Leather Armor
16823,Nightslayer Shoulder Pads,66,Leather Armor
17074,Shadowstrike,63,Polearm
16848,Giantstalker's Epaulets,66,Mail Armor
16816,Mantle of Prophecy,66,Cloth Armor
16868,Pauldrons of Might,66,Plate Armor
17330,Hand of Sulfuron,1,Quest
8146,Wicked Claw,45,Trade Good
11040,Morrowgrain,50,Trade Good
3821,Goldthorn,34,Herb
3857,Coal,30,Metal & Stone
7912,Solid Stone,35,Metal & Stone
4784,Lifeless Stone,1,Junk
8766,Morning Glory Dew,55,Food & Drink
8952,Roasted Quail,55,Food & Drink
13444,Major Mana Potion,59,Potion
10305,Scroll of Protection IV,55,Scroll
13446,Major Healing Potion,55,Potion
16804,Felheart Bracers,66,Cloth Armor
16819,Vambraces of Prophecy,66,Cloth Armor
16802,Arcanist Belt,66,Cloth Armor
16864,Belt of Might,66,Plate Armor
16861,Bracers of Might,66,Plate Armor
16830,Cenarion Bracers,66,Leather Armor
16850,Giantstalker's Bracers,66,Mail Armor
16799,Arcanist Bindings,66,Cloth Armor
16828,Cenarion Belt,66,Leather Armor
16827,Nightslayer Belt,66,Leather Armor
16806,Felheart Belt,66,Cloth Armor
16825,Nightslayer Bracelets,66,Leather Armor
16817,Girdle of Prophecy,66,Cloth Armor
16857,Lawbringer Bracers,66,Plate Armor
16838,Earthfury Belt,66,Mail Armor
16840,Earthfury Bracers,66,Mail Armor
16851,Giantstalker's Belt,66,Mail Armor
16858,Lawbringer Belt,66,Plate Armor
14555,Alcor's Sunrazor,63,Dagger
10367,Hyperion Shield,65,Shield
10158,Mercurial Guard,64,Shield
2801,Blade of Hanna,64,Two-Handed Sword
15941,High Councillor's Scepter,64,Off-hand Frill
10254,Master's Robe,65,Cloth Armor
5760,Eternium Lockbox,60,Other (Miscellaneous)
7909,Aquamarine,45,Trade Good
15246,Demon Blade,62,Dagger
7910,Star Ruby,50,Trade Good
15220,Battlefell Sabre,62,One-Handed Sword
10368,Imbued Plate Armor,62,Plate Armor
10154,Mercurial Girdle,61,Mail Armor
10384,Hyperion Armor,65,Plate Armor
10385,Hyperion Greaves,62,Plate Armor
10248,Master's Bracers,62,Cloth Armor
14506,Pattern: Felcloth Robe,61,Tailoring Pattern
15257,Shin Blade,62,Two-Handed Sword
10379,Commander's Helm,61,Plate Armor
15288,Blasthorn Bow,61,Bow
10366,Demon Guard,63,Shield
15266,Fierce Mauler,61,Two-Handed Mace
8303,Hero's Breastplate,62,Mail Armor
10266,Masterwork Breastplate,65,Mail Armor
10160,Mercurial Circlet,62,Mail Armor
10163,Mercurial Pauldrons,62,Mail Armor
10153,Mighty Spaulders,62,Leather Armor
10151,Mighty Tunic,64,Leather Armor
12684,Plans: Thorium Bracers,51,Blacksmithing Plans
3990,Crested Buckler,56,Shield
15931,Arcane Star,61,Off-hand Frill
7067,Elemental Earth,25,Elemental
12048,Prismatic Pendant,65,Amulet
1728,Teebu's Blazing Longsword,65,One-Handed Sword
3475,Cloak of Flames,65,Cloak
10271,Masterwork Shield,65,Shield
12728,Plans: Invulnerable Mail,63,Blacksmithing Plans
12720,Plans: Stronghold Gauntlets,62,Blacksmithing Plans
12017,Prismatic Band,65,Ring
15239,Felstone Reaver,61,One-Handed Axe
12713,Plans: Radiant Leggings,61,Blacksmithing Plans
10217,Elegant Leggings,61,Cloth Armor
16251,Formula: Enchant Bracer - Superior Stamina,60,Enchanting Formula
10137,High Councillor's Boots,61,Cloth Armor
11382,Blood of the Mountain,50,Trade Good
17757,Amulet of Spirits,1,Quest
17684,Theradric Crystal Carving,1,Quest
4338,Mageweave Cloth,40,Cloth
4306,Silk Cloth,30,Cloth
4599,Cured Ham Steak,45,Food & Drink
1645,Moonberry Juice,45,Food & Drink
4637,Steel Lockbox,40,Other (Miscellaneous)
14228,Embersilk Coronet,41,Cloth Armor
4424,Scroll of Spirit III,40,Scroll
4087,Trueshot Bow,41,Bow
14240,Darkmist Bands,40,Cloth Armor
14248,Lunar Bindings,41,Cloth Armor
866,Monk's Staff,42,Staff
15214,Nobles Brand,40,One-Handed Sword
14245,Darkmist Girdle,41,Cloth Armor
14220,Geomancer's Cap,40,Cloth Armor
15234,Greater Scythe,40,One-Handed Axe
15583,Sparkleshell Shoulder Pads,41,Mail Armor
14942,Warbringer's Gauntlets,42,Plate Armor
15371,Wolf Rider's Cloak,41,Cloak
4019,Heavy Flint Axe,48,One-Handed Axe
4021,Blunting Mace,46,One-Handed Mace
3989,Blocking Targe,42,Shield
3939,Crochet Cloak,47,Cloak
4022,Crushing Maul,50,Two-Handed Mace
4023,Fine Pointed Dagger,44,Dagger
4024,Heavy War Staff,47,Staff
4026,Sentinel Musket,43,Gun
3961,Thick Leather Belt,44,Leather Armor
4018,Whetted Claymore,42,Two-Handed Sword
3938,Crochet Bracers,44,Cloth Armor
3943,Crochet Vest,43,Cloth Armor
4007,Overlinked Chain Armor,45,Mail Armor
4004,Overlinked Chain Gloves,47,Mail Armor
3986,Protective Pavise,48,Shield
4020,Splintering Battle Axe,49,Two-Handed Axe
3963,Thick Leather Bracers,43,Leather Armor
3936,Crochet Belt,42,Cloth Armor
8750,Thick Leather Hat,42,Leather Armor
4005,Overlinked Chain Pants,43,Mail Armor
3964,Thick Cloak,46,Cloak
7072,Naga Scale,25,Reagent
15881,Rackmore's Golden Key,1,Quest
17058,Fish Oil,1,Junk
17057,Shiny Fish Scales,1,Junk
6362,Raw Rockscale Cod,35,Meat
7369,Elder's Robe,35,Cloth Armor
9868,Renegade Gauntlets,35,Mail Armor
9861,Archer's Gloves,35,Leather Armor
9853,Conjurer's Cinch,34,Cloth Armor
7436,Twilight Cape,35,Cloak
9855,Archer's Belt,35,Leather Armor
9845,Conjurer's Shoes,35,Cloth Armor
9826,Durable Robe,34,Cloth Armor
7368,Elder's Pants,34,Cloth Armor
7461,Knight's Bracers,36,Mail Armor
7417,Phalanx Boots,34,Mail Armor
7418,Phalanx Breastplate,35,Mail Armor
3820,Stranglekelp,20,Herb
6249,Aged Kodo Hide,1,Quest
12204,Heavy Kodo Meat,35,Meat
5122,Thick Kodo Hair,1,Junk
5121,Dirty Kodo Scale,1,Junk
4634,Iron Lockbox,30,Other (Miscellaneous)
14759,Enduring Bracers,34,Mail Armor
1529,Jade,35,Trade Good
15286,Long Redwood Bow,35,Bow
3037,Whipwood Recurve Bow,34,Bow
15140,Cutthroat's Mantle,34,Leather Armor
15148,Ghostwalker Belt,34,Leather Armor
15232,Hacking Cleaver,33,One-Handed Axe
14414,Stonecloth Belt,34,Cloth Armor
1990,Ballast Maul,36,Two-Handed Mace
14761,Enduring Belt,34,Mail Armor
12010,Fen Ring,37,Ring
11098,Formula: Enchant Cloak - Lesser Shadow Resistance,27,Enchanting Formula
12029,Greenstone Talisman,35,Amulet
15570,Marauder's Gauntlets,36,Mail Armor
15213,Mercenary Blade,36,One-Handed Sword
15560,Pillager's Gloves,34,Mail Armor
15552,Thick Scale Shield,36,Shield
14203,Thistlefur Pants,35,Cloth Armor
3185,Acrobatic Staff,34,Staff
11971,Amethyst Band,37,Ring
11985,Cerulean Ring,35,Ring
3864,Citrine,40,Trade Good
14229,Embersilk Cloak,36,Cloak
11165,Formula: Enchant Weapon - Lesser Elemental Slayer,35,Enchanting Formula
14219,Geomancer's Cloak,34,Cloak
14217,Geomancer's Cord,36,Cloth Armor
15143,Ghostwalker Bindings,33,Leather Armor
15145,Ghostwalker Buckler,36,Shield
15226,Giant Club,37,One-Handed Mace
14593,Hawkeye's Cloak,35,Cloak
14594,Hawkeye's Gloves,37,Leather Armor
15355,Headhunter's Mitts,34,Leather Armor
15358,Headhunter's Woolies,35,Leather Armor
2080,Hillborne Axe,34,One-Handed Axe
15571,Marauder's Belt,35,Mail Armor
15568,Marauder's Cloak,33,Cloak
4232,Medium Hide,20,Leather
5774,Pattern: Green Silk Pack,35,Tailoring Pattern
15563,Pillager's Shield,37,Shield
14401,Resilient Cap,33,Cloth Armor
5213,Scorching Wand,35,Wand
15594,Steadfast Cloak,37,Cloak
14410,Stonecloth Circlet,38,Cloth Armor
14411,Stonecloth Gloves,35,Cloth Armor
15550,Thick Scale Crown,35,Mail Armor
1701,Curved Basilisk Claw,1,Junk
1702,Intact Basilisk Spine,1,Junk
4234,Heavy Leather,30,Leather
4304,Thick Leather,40,Leather
5637,Large Fang,30,Other (Trade Goods)
4093,Large Basilisk Tail,1,Junk
11386,Squishy Basilisk Eye,1,Junk
4092,Prismatic Basilisk Scale,1,Junk
11387,Basilisk Heart,1,Junk
4553,Jagged Piece of Stone,1,Junk
4552,Smooth Stone Chip,1,Junk
4554,Shiny Polished Stone,1,Junk
1725,Large Knapsack,35,Bag
14207,Vital Leggings,36,Cloth Armor
14235,Embersilk Cord,37,Cloth Armor
15990,Enduring Shield,39,Shield
15142,Ghostwalker Boots,35,Leather Armor
15150,Ghostwalker Pads,36,Leather Armor
14595,Hawkeye's Breeches,38,Leather Armor
15353,Headhunter's Headdress,38,Leather Armor
15562,Pillager's Pauldrons,36,Mail Armor
14426,Silksand Girdle,39,Cloth Armor
4636,Strong Iron Lockbox,35,Other (Miscellaneous)
12020,Thallium Choker,36,Amulet
1465,Tigerbane,38,Dagger
15364,Trickster's Cloak,36,Cloak
15365,Trickster's Handwraps,38,Leather Armor
1206,Moss Agate,25,Trade Good
818,Tigerseye,15,Trade Good
4582,Soft Bushy Tail,1,Quest
12037,Mystery Meat,30,Meat
12203,Red Wolf Meat,30,Meat
3402,Soft Patch of Fur,1,Junk
20310,Flayed Demon Skin,25,Quest
3771,Wild Hog Shank,35,Food & Drink
2592,Wool Cloth,15,Cloth
1708,Sweet Nectar,35,Food & Drink
1710,Greater Healing Potion,31,Potion
3385,Lesser Mana Potion,24,Potion
14189,Raincaller Cap,32,Cloth Armor
865,Leaden Mace,31,One-Handed Mace
15346,Pathfinder Vest,32,Leather Armor
15231,Splitting Hatchet,31,One-Handed Axe
3870,Plans: Green Iron Shoulders,32,Blacksmithing Plans
14399,Resilient Boots,31,Cloth Armor
14397,Resilient Mantle,32,Cloth Armor
12039,Tundra Necklace,33,Amulet
3041,"""Mage-Eye"" Blunderbuss",31,Gun
15285,Archer's Longbow,32,Bow
14587,Dokebi Mantle,32,Leather Armor
15354,Headhunter's Cloak,32,Cloak
4614,Pendant of Myzrael,35,Amulet
15128,Robust Tunic,31,Leather Armor
15962,Satyr's Rod,33,Off-hand Frill
14758,Slayer's Shoulder Pads,31,Mail Armor
15544,Thick Scale Sabatons,32,Mail Armor
14205,Thistlefur Belt,32,Cloth Armor
14206,Vital Bracelets,32,Cloth Armor
14184,Watcher's Robes,30,Cloth Armor
15542,Wicked Chain Shoulder Pads,32,Mail Armor
5007,Band of Thorns,31,Ring
3042,"BKP ""Sparrow"" Smallbore",33,Gun
5003,Crystal Starfire Medallion,31,Amulet
15250,Glimmering Flamberge,32,Two-Handed Sword
15556,Pillager's Bracers,32,Mail Armor
14404,Resilient Leggings,33,Cloth Armor
4414,Schematic: Portable Bronze Mortar,33,Engineering Schematic
15530,Sentry's Shield,31,Shield
14757,Slayer's Pants,32,Mail Armor
15548,Thick Scale Gauntlets,32,Mail Armor
14196,Thistlefur Sandals,32,Cloth Armor
5214,Wand of Eventide,32,Wand
15536,Wicked Chain Chestpiece,34,Mail Armor
11996,Basalt Ring,34,Ring
15136,Cutthroat's Belt,31,Leather Armor
15131,Cutthroat's Boots,32,Leather Armor
15130,Cutthroat's Vest,34,Leather Armor
5373,Lucky Charm,1,Other (Miscellaneous)
3210,Brutal War Axe,30,Two-Handed Axe
1705,Lesser Moonstone,30,Trade Good
15341,Pathfinder Footpads,30,Leather Armor
14406,Resilient Cord,30,Cloth Armor
4633,Heavy Bronze Lockbox,25,Other (Miscellaneous)
15127,Robust Shoulders,30,Leather Armor
12019,Cerulean Talisman,32,Amulet
15284,Long Battle Bow,29,Bow
3867,Plans: Golden Iron Destroyer,34,Blacksmithing Plans
15547,Thick Scale Cloak,29,Cloak
15538,Wicked Chain Gauntlets,30,Mail Armor
15133,Cutthroat's Buckler,33,Shield
14578,Dokebi Cord,29,Leather Armor
15344,Pathfinder Pants,31,Leather Armor
14193,Raincaller Pants,31,Cloth Armor
14400,Resilient Cape,29,Cloak
14197,Thistlefur Bands,30,Cloth Armor
15137,Cutthroat's Mitts,33,Leather Armor
14579,Dokebi Boots,31,Leather Armor
14583,Dokebi Gloves,32,Leather Armor
14585,Dokebi Leggings,32,Leather Armor
5002,Glowing Green Talisman,30,Amulet
15242,Honed Stiletto,30,Dagger
14186,Raincaller Mantle,29,Cloth Armor
14191,Raincaller Mitts,30,Cloth Armor
15123,Robust Buckler,28,Shield
14178,Watcher's Cap,31,Cloth Armor
15549,Thick Scale Belt,31,Mail Armor
14198,Thistlefur Cloak,31,Cloak
791,Gnarled Ash Staff,31,Staff
15351,Headhunter's Bands,30,Leather Armor
15559,Pillager's Cloak,31,Cloak
14190,Raincaller Vest,31,Cloth Armor
14403,Resilient Handgrips,31,Cloth Armor
15533,Sentry's Headdress,31,Mail Armor
15531,Sentry's Shoulderguards,30,Mail Armor
15225,Sequoia Hammer,33,One-Handed Mace
3186,Viking Sword,30,One-Handed Sword
1477,Scroll of Agility II,35,Scroll
15572,Marauder's Circlet,39,Mail Armor
15159,Nocturnal Tunic,42,Leather Armor
15367,Trickster's Protector,39,Shield
6986,Crimson Lotus,40,Trade Good
3813,Double Mail Pants,35,Mail Armor
5431,Empty Hip Flask,1,Junk
3801,Hardened Leather Boots,35,Leather Armor
3793,Interlaced Boots,32,Cloth Armor
3795,Interlaced Cloak,36,Cloak
2077,Magician Staff,29,Staff
15129,Robust Helm,31,Leather Armor
15518,Spiked Chain Breastplate,30,Mail Armor
15545,Thick Scale Bracelets,30,Mail Armor
15524,Sentry's Surcoat,31,Mail Armor
15135,Cutthroat's Cape,30,Cloak
8184,Firestarter,29,Wand
15345,Pathfinder Shoulder Pads,31,Leather Armor
14754,Slayer's Gloves,29,Mail Armor
14756,Slayer's Slippers,29,Mail Armor
720,Brawler Gloves,28,Leather Armor
14379,Sanguine Trousers,29,Cloth Armor
14209,Vital Sash,33,Cloth Armor
857,Large Red Sack,25,Bag
15750,Sceptre of Light,1,Quest
15139,Cutthroat's Pants,33,Leather Armor
14581,Dokebi Chestguard,33,Leather Armor
15147,Ghostwalker Cloak,33,Cloak
15555,Pillager's Boots,33,Mail Armor
15554,Pillager's Girdle,33,Mail Armor
3873,Plans: Golden Scale Cuirass,39,Blacksmithing Plans
15975,Raincaller Scepter,31,Off-hand Frill
14753,Slayer's Skullcap,33,Mail Armor
15575,Sparkleshell Belt,36,Mail Armor
15546,Thick Scale Breastplate,36,Mail Armor
15976,Thistlefur Branch,36,Off-hand Frill
12009,Tundra Ring,33,Ring
14214,Vital Boots,34,Cloth Armor
15541,Wicked Chain Legguards,33,Mail Armor
3809,Double Mail Boots,32,Mail Armor
3781,Broad Claymore,34,Two-Handed Sword
3782,Large War Club,35,Two-Handed Mace
8748,Double Mail Coif,30,Mail Armor
3780,Long-barreled Musket,33,Gun
3784,Metal Stave,37,Staff
3197,Stonecutter Claymore,35,Two-Handed Sword
2877,Combatant Claymore,33,Two-Handed Sword
14763,Enduring Cape,32,Cloak
15350,Headhunter's Slippers,34,Leather Armor
4352,Pattern: Boots of the Enchanter,35,Tailoring Pattern
15892,Slayer's Shield,32,Shield
14416,Stonecloth Bindings,34,Cloth Armor
14409,Stonecloth Cape,33,Cloak
14199,Thistlefur Gloves,33,Cloth Armor
14208,Vital Headband,36,Cloth Armor
7291,Infernal Orb,1,Quest
4421,Scroll of Protection III,40,Scroll
15360,Trickster's Bindings,38,Leather Armor
1207,Murphstar,39,One-Handed Mace
14413,Stonecloth Robe,39,Cloth Armor
14760,Enduring Breastplate,39,Mail Armor
12040,Forest Pendant,38,Amulet
14218,Geomancer's Boots,37,Cloth Armor
14223,Geomancer's Spaulders,38,Cloth Armor
15146,Ghostwalker Crown,39,Leather Armor
14591,Hawkeye's Helm,40,Leather Armor
1640,Monstrous War Axe,42,Two-Handed Axe
15233,Savage Axe,39,One-Handed Axe
15963,Stonecloth Branch,39,Off-hand Frill
14215,Vital Tunic,37,Cloth Armor
15603,Ancient Cloak,41,Cloak
14232,Embersilk Mantle,39,Cloth Armor
14231,Embersilk Mitts,38,Cloth Armor
14765,Enduring Circlet,38,Mail Armor
14224,Geomancer's Trousers,39,Cloth Armor
13017,Hellslayer Battle Axe,40,Two-Handed Axe
15569,Marauder's Crest,40,Shield
15160,Nocturnal Wristbands,39,Leather Armor
7085,Pattern: Azure Shoulders,38,Tailoring Pattern
8386,Pattern: Big Voodoo Robe,43,Leatherworking Pattern
14771,Ravager's Cloak,39,Cloak
3830,Recipe: Elixir of Fortitude,35,Alchemy Recipe
14418,Silksand Boots,39,Cloth Armor
15322,Smoothbore Gun,39,Gun
15595,Steadfast Gloves,39,Mail Armor
15596,Steadfast Legplates,41,Mail Armor
15260,Stone Hammer,38,Two-Handed Mace
1464,Buzzard Talon,1,Junk
3404,Buzzard Wing,35,Meat
11416,Delicate Ribcage,1,Junk
5116,Long Tail Feather,1,Reagent
15243,Deadly Kris,36,Dagger
15339,Pathfinder Hat,34,Leather Armor
8188,Explosive Shotgun,37,Gun
863,Gloom Reaper,37,One-Handed Axe
14226,Embersilk Bracelets,37,Cloth Armor
15144,Ghostwalker Rags,37,Leather Armor
15573,Marauder's Leggings,38,Mail Armor
15577,Sparkleshell Bracers,36,Mail Armor
15579,Sparkleshell Cloak,35,Cloak
15134,Cutthroat's Hat,37,Leather Armor
14764,Enduring Gauntlets,35,Mail Armor
14590,Hawkeye's Bracers,35,Leather Armor
15155,Nocturnal Gloves,39,Leather Armor
15557,Pillager's Chestguard,37,Mail Armor
14415,Stonecloth Britches,37,Cloth Armor
14762,Enduring Boots,37,Mail Armor
14221,Geomancer's Bracers,35,Cloth Armor
15149,Ghostwalker Gloves,36,Leather Armor
15151,Ghostwalker Legguards,36,Leather Armor
9931,Brigade Girdle,43,Mail Armor
9930,Brigade Gauntlets,43,Mail Armor
9874,Sorcerer Drape,43,Cloth Armor
7487,Captain's Leggings,43,Mail Armor
9967,Embossed Plate Gauntlets,43,Plate Armor
9969,Embossed Plate Helmet,43,Plate Armor
9887,Huntsman's Armor,43,Leather Armor
7491,Captain's Shoulderguards,43,Mail Armor
9919,Tracker's Cloak,43,Cloak
7478,Ranger Leggings,43,Leather Armor
9291,Field Plate Leggings,43,Plate Armor
9909,Royal Bands,43,Cloth Armor
9884,Sorcerer Robe,43,Cloth Armor
9971,Embossed Plate Pauldrons,43,Plate Armor
9290,Field Plate Helmet,42,Plate Armor
6082,Deepstrider Tumor,1,Quest
7973,Big-mouth Clam,40,Other (Trade Goods)
6990,Lesser Infernal Stone,1,Quest
14767,Enduring Pauldrons,38,Mail Armor
864,Knightly Longsword,38,One-Handed Sword
14236,Embersilk Boots,38,Cloth Armor
14222,Geomancer's Gloves,37,Cloth Armor
4353,Pattern: Spider Belt,36,Tailoring Pattern
15977,Vital Orb,37,Off-hand Frill
14600,Warden's Wristbands,40,Leather Armor
15606,Ancient Belt,41,Mail Armor
9385,Archaic Defender,36,Two-Handed Sword
14239,Darkmist Cape,39,Cloak
14241,Darkmist Handguards,41,Cloth Armor
1625,Exquisite Flamberge,41,Two-Handed Sword
11997,Greenstone Circle,38,Ring
14596,Hawkeye's Epaulets,38,Leather Armor
14589,Hawkeye's Shoes,37,Leather Armor
14592,Hawkeye's Tunic,40,Leather Armor
15565,Marauder's Boots,38,Mail Armor
13542,Demon Box,1,Quest
4607,Delicious Cave Mold,35,Food & Drink
3827,Mana Potion,32,Potion
15576,Sparkleshell Sabatons,39,Mail Armor
15581,Sparkleshell Gauntlets,38,Mail Armor
15580,Sparkleshell Headwrap,40,Mail Armor
9434,Elemental Raiment,41,Cloth Armor
5215,Ember Wand,41,Wand
14607,Hawkeye's Buckler,37,Shield
14251,Lunar Cloak,40,Cloak
15153,Nocturnal Cloak,37,Cloak
15154,Nocturnal Sash,38,Leather Armor
7449,Pattern: Dusky Leather Leggings,33,Leatherworking Pattern
3874,Plans: Polished Steel Boots,37,Blacksmithing Plans
14773,Ravager's Cord,39,Mail Armor
4417,Schematic: Large Seaforium Charge,40,Engineering Schematic
6252,Doomwarder Blood,1,Quest
15613,Bonelink Belt,42,Mail Armor
15261,Sequoia Branch,40,Two-Handed Mace
11986,Thallium Hoop,39,Ring
11998,Jet Loop,42,Ring
14606,Warden's Gloves,41,Leather Armor
13121,Wing of the Whelpling,38,Cloak
11972,Carnelian Loop,40,Ring
14238,Darkmist Boots,41,Cloth Armor
12011,Forest Hoop,41,Ring
10300,Pattern: Red Mageweave Vest,43,Tailoring Pattern
5009,Mindbender Loop,36,Ring
14202,Thistlefur Jerkin,36,Cloth Armor
15561,Pillager's Leggings,36,Mail Armor
13025,Deadwood Sledge,37,One-Handed Mace
15574,Marauder's Shoulder Pads,40,Mail Armor
15558,Pillager's Crown,37,Mail Armor
14419,Silksand Bracers,38,Cloth Armor
14420,Silksand Cape,38,Cloak
15590,Steadfast Bracelets,37,Mail Armor
14898,Saltstone Girdle,40,Plate Armor
14250,Lunar Slippers,42,Cloth Armor
15363,Trickster's Headdress,42,Leather Armor
14603,Warden's Mantle,41,Leather Armor
11418,Hollow Wing Bone,1,Junk
5829,Razor-sharp Beak,1,Junk
5636,Delicate Feather,25,Reagent
14210,Vital Cape,32,Cloak
15349,Headhunter's Belt,33,Leather Armor
14405,Resilient Robe,33,Cloth Armor
14584,Dokebi Hat,35,Leather Armor
15878,Rackmore's Silver Key,1,Quest
2290,Scroll of Intellect II,30,Scroll
1711,Scroll of Stamina II,30,Scroll
15352,Headhunter's Buckler,34,Shield
15551,Thick Scale Legguards,35,Mail Armor
14211,Vital Handwraps,34,Cloth Armor
15553,Thick Scale Shoulder Pads,34,Mail Armor
11970,Spinel Ring,34,Ring
15357,Headhunter's Spaulders,35,Leather Armor
14201,Thistlefur Mantle,34,Cloth Armor
14751,Slayer's Surcoat,33,Mail Armor
14408,Stonecloth Boots,35,Cloth Armor
13033,Zealot Blade,34,One-Handed Sword
5133,Seeping Gizzard,1,Junk
14766,Enduring Breeches,37,Mail Armor
11167,Formula: Enchant Boots - Lesser Spirit,38,Enchanting Formula
15356,Headhunter's Armor,36,Leather Armor
12030,Jet Chain,39,Amulet
10301,Pattern: White Bandit Mask,43,Tailoring Pattern
14772,Ravager's Handwraps,40,Mail Armor
9435,Reticulated Bone Gauntlets,36,Mail Armor
14902,Saltstone Shield,41,Shield
4416,Schematic: Goblin Land Mine,39,Engineering Schematic
15598,Steadfast Girdle,38,Mail Armor
15874,Soft-shelled Clam,1,Other (Trade Goods)
2675,Crawler Claw,13,Meat
2674,Crawler Meat,13,Meat
5569,Seaweed,20,Junk
12028,Basalt Necklace,32,Amulet
14192,Raincaller Robes,31,Cloth Armor
12047,Spectral Necklace,30,Amulet
14608,Dokebi Buckler,31,Shield
14183,Watcher's Leggings,30,Cloth Armor
13024,Beazel's Basher,29,One-Handed Mace
13049,Deanship Claymore,29,Two-Handed Sword
11164,Formula: Enchant Weapon - Lesser Beastslayer,35,Enchanting Formula
13031,Orb of Mistmantle,28,Off-hand Frill
6067,Centaur Ear,1,Quest
14200,Thistlefur Cap,35,Cloth Armor
7450,Pattern: Green Whelp Armor,35,Leatherworking Pattern
10601,Schematic: Bright-Eye Goggles,35,Engineering Schematic
14212,Vital Shoulders,35,Cloth Armor
14412,Stonecloth Epaulets,36,Cloth Armor
3807,Hardened Leather Tunic,33,Leather Armor
3817,Reinforced Buckler,33,Shield
3802,Hardened Leather Bracers,34,Leather Armor
3779,Hefty War Axe,32,Two-Handed Axe
3799,Interlaced Vest,37,Cloth Armor
3783,Light Scimitar,36,One-Handed Sword
3816,Reflective Heater,36,Shield
3786,Shiny Dirk,39,Dagger
3810,Double Mail Bracers,38,Mail Armor
3814,Double Mail Shoulderpads,39,Mail Armor
3803,Hardened Cloak,38,Cloak
3796,Interlaced Gloves,33,Cloth Armor
3797,Interlaced Pants,39,Cloth Armor
3798,Interlaced Shoulderpads,35,Cloth Armor
3785,Keen Axe,38,One-Handed Axe
3787,Stone Club,40,One-Handed Mace
14602,Warden's Cloak,39,Cloak
3808,Double Mail Belt,34,Mail Armor
3805,Hardened Leather Pants,32,Leather Armor
3792,Interlaced Belt,34,Cloth Armor
3794,Interlaced Bracers,38,Cloth Armor
3778,Taut Compound Bow,31,Bow
3804,Hardened Leather Gloves,36,Leather Armor
8746,Interlaced Cowl,33,Cloth Armor
3020,Enduring Cap,33,Leather Armor
13063,Starfaller,34,Wand
7092,Pattern: Hands of Darkness,29,Tailoring Pattern
2951,Ring of the Underwood,36,Ring
13087,River Pride Choker,33,Amulet
9405,Girdle of Golem Strength,33,Mail Armor
14588,Hawkeye's Cord,36,Leather Armor
7090,Pattern: Green Silk Armor,33,Tailoring Pattern
2912,Claw of the Shadowmancer,32,Dagger
3928,Superior Healing Potion,45,Potion
6149,Greater Mana Potion,41,Potion
4422,Scroll of Stamina III,45,Scroll
4419,Scroll of Intellect III,45,Scroll
15377,Wolf Rider's Wristbands,42,Leather Armor
15359,Trickster's Vest,41,Leather Armor
14435,Windchaser Cinch,43,Cloth Armor
15369,Wolf Rider's Belt,42,Leather Armor
15605,Ancient Gauntlets,42,Mail Armor
15978,Geomancer's Rod,41,Off-hand Frill
14247,Lunar Mantle,44,Cloth Armor
10604,Schematic: Mithril Heavy-bore Rifle,44,Engineering Schematic
1613,Spiritchaser Staff,44,Staff
15611,Bonelink Cape,43,Cloak
13199,Crushridge Bindings,41,Mail Armor
14233,Embersilk Leggings,40,Cloth Armor
11202,Formula: Enchant Shield - Stamina,42,Enchanting Formula
14216,Geomancer's Jerkin,41,Cloth Armor
15161,Imposing Belt,43,Leather Armor
15165,Imposing Cape,42,Cloak
7992,Plans: Blue Glittering Axe,44,Blacksmithing Plans
14777,Ravager's Shield,44,Shield
15244,Razor Blade,42,Dagger
14899,Saltstone Helm,41,Plate Armor
14895,Saltstone Surcoat,41,Plate Armor
7084,Pattern: Crimson Silk Shoulders,38,Tailoring Pattern
14896,Saltstone Sabatons,40,Plate Armor
15163,Imposing Bracers,43,Leather Armor
14255,Lunar Belt,42,Cloth Armor
14897,Saltstone Gauntlets,40,Plate Armor
14900,Saltstone Legplates,40,Plate Armor
15582,Sparkleshell Legguards,40,Mail Armor
15366,Trickster's Leggings,40,Leather Armor
14599,Warden's Footpads,42,Leather Armor
867,Gloves of Holy Might,42,Leather Armor
8194,Goblin Nutcracker,43,One-Handed Mace
3914,Journeyman's Backpack,45,Bag
15152,Nocturnal Shoes,41,Leather Armor
4300,Pattern: Guardian Leather Bracers,39,Leatherworking Pattern
3868,Plans: Frost Tiger Blade,40,Blacksmithing Plans
14775,Ravager's Woolies,43,Mail Armor
7414,Infiltrator Pants,34,Leather Armor
7357,Elder's Hat,34,Cloth Armor
2319,Medium Leather,20,Leather
7423,Phalanx Leggings,34,Mail Armor
9865,Renegade Bracers,34,Mail Armor
7408,Infiltrator Shoulders,33,Leather Armor
9867,Renegade Cloak,33,Cloak
9857,Archer's Bracers,34,Leather Armor
9847,Conjurer's Cloak,33,Cloak
7413,Infiltrator Cap,33,Leather Armor
9833,Scaled Leather Leggings,33,Leather Armor
9860,Archer's Cloak,34,Cloak
7354,Elder's Boots,33,Cloth Armor
7421,Phalanx Gauntlets,33,Mail Armor
7446,Sentinel Cloak,36,Cloak
7438,Twilight Belt,36,Cloth Armor
9863,Archer's Shoulderpads,37,Leather Armor
9819,Durable Tunic,34,Cloth Armor
7460,Knight's Cloak,34,Cloak
9869,Renegade Belt,35,Mail Armor
7448,Sentinel Girdle,36,Leather Armor
15534,Wicked Chain Boots,31,Mail Armor
4299,Pattern: Guardian Armor,35,Leatherworking Pattern
12974,The Black Knight,31,One-Handed Sword
15543,Wicked Chain Shield,34,Shield
6246,Hatefury Claw,1,Quest
6247,Hatefury Horn,1,Quest
6989,Vial of Hatefury Blood,1,Quest
2289,Scroll of Strength II,35,Scroll
13079,Shield of Thorsen,30,Shield
15973,Watcher's Star,30,Off-hand Frill
16883,Worn Junkbox,30,Other (Miscellaneous)
6441,Shadowstalker Scalp,1,Quest
9851,Conjurer's Breeches,37,Cloth Armor
7462,Knight's Girdle,37,Mail Armor
7443,Sentinel Gloves,37,Leather Armor
7445,Sentinel Shoulders,38,Leather Armor
9844,Conjurer's Vest,38,Cloth Armor
9886,Huntsman's Bands,39,Leather Armor
7454,Knight's Breastplate,39,Mail Armor
7457,Knight's Gauntlets,37,Mail Armor
9870,Renegade Circlet,36,Mail Armor
9871,Renegade Leggings,37,Mail Armor
9859,Archer's Cap,36,Leather Armor
9862,Archer's Trousers,37,Leather Armor
7493,Captain's Bracers,40,Mail Armor
9891,Huntsman's Belt,39,Leather Armor
9901,Jazeraint Belt,40,Mail Armor
7458,Knight's Boots,37,Mail Armor
7455,Knight's Legguards,39,Mail Armor
9864,Renegade Boots,36,Mail Armor
9866,Renegade Chestguard,38,Mail Armor
9872,Renegade Pauldrons,37,Mail Armor
7444,Sentinel Boots,37,Leather Armor
9877,Sorcerer Cloak,38,Cloak
9875,Sorcerer Sash,39,Cloth Armor
9876,Sorcerer Slippers,40,Cloth Armor
7434,Twilight Boots,37,Cloth Armor
7432,Twilight Cowl,38,Cloth Armor
7433,Twilight Gloves,37,Cloth Armor
2565,Rod of Molten Fire,35,Off-hand Frill
15566,Marauder's Bracers,35,Mail Armor
873,Staff of Jordan,40,Staff
15578,Sparkleshell Breastplate,41,Mail Armor
13038,Swiftwind,40,Crossbow
3812,Double Mail Gloves,36,Mail Armor
3811,Double-stitched Cloak,37,Cloak
3800,Hardened Leather Belt,39,Leather Armor
9892,Huntsman's Gloves,40,Leather Armor
9900,Jazeraint Gauntlets,40,Mail Armor
7492,Captain's Cloak,39,Cloak
7474,Regal Cloak,40,Cloak
9878,Sorcerer Hat,41,Cloth Armor
7429,Twilight Armor,40,Cloth Armor
9885,Huntsman's Boots,40,Leather Armor
6066,Khan Dez'hepah's Head,1,Quest
8747,Hardened Leather Helm,35,Leather Armor
3815,Double Mail Vest,33,Mail Armor
6077,Maraudine Key Fragment,1,Quest
6072,Khan Jehn's Head,1,Quest
15361,Trickster's Sash,37,Leather Armor
6079,Crude Charm,1,Quest
14398,Resilient Tunic,33,Cloth Armor
5974,Pattern: Guardian Cloak,37,Leatherworking Pattern
3612,Plans: Green Iron Gauntlets,30,Blacksmithing Plans
15343,Pathfinder Gloves,30,Leather Armor
14195,Raincaller Boots,29,Cloth Armor
13094,The Queen's Jewel,30,Ring
14180,Watcher's Jerkin,30,Cloth Armor
11984,Cobalt Ring,29,Ring
13119,Enchanted Kodo Bracers,39,Leather Armor
3869,Plans: Shadow Crescent Axe,40,Blacksmithing Plans
3831,Recipe: Mighty Troll's Blood Potion,36,Alchemy Recipe
8959,Raw Spinefin Halibut,55,Meat
4425,Scroll of Agility III,50,Scroll
5758,Mithril Lockbox,50,Other (Miscellaneous)
4426,Scroll of Strength III,50,Scroll
14304,Bonecaster's Belt,55,Cloth Armor
15663,Impenetrable Belt,56,Mail Armor
15647,Ironhide Pauldrons,53,Mail Armor
15425,Peerless Bracers,55,Leather Armor
15294,Siege Bow,53,Bow
15275,Thaumaturgist Staff,54,Staff
14856,Vanguard Girdle,54,Plate Armor
14295,Arachnidian Legguards,55,Cloth Armor
14296,Arachnidian Pauldrons,52,Cloth Armor
14803,Bloodlust Belt,55,Mail Armor
14299,Bonecaster's Boots,54,Cloth Armor
15254,Dark Espadon,54,Two-Handed Sword
15634,Formidable Circlet,52,Mail Armor
11208,Formula: Enchant Weapon - Demonslaying,46,Enchanting Formula
14967,Glorious Gauntlets,56,Plate Armor
15661,Impenetrable Cloak,54,Cloak
14915,Jade Breastplate,53,Plate Armor
14916,Jade Deflector,53,Shield
15394,Jadefire Pants,54,Leather Armor
14922,Lofty Sabatons,53,Plate Armor
14929,Lofty Shoulder Pads,54,Plate Armor
15656,Merciless Epaulets,54,Mail Armor
15694,Merciless Greaves,54,Mail Armor
14283,Opulent Leggings,54,Cloth Armor
14494,Pattern: Brightcloth Pants,58,Tailoring Pattern
12683,Plans: Thorium Belt,50,Blacksmithing Plans
15180,Praetorian Girdle,53,Leather Armor
15295,Quillfire Bow,55,Bow
1721,Viking Warhammer,54,One-Handed Mace
15217,Widow Blade,54,One-Handed Sword
15280,Wizard's Hand,53,Wand
13821,Bulky Maul,57,Two-Handed Mace
13822,Spiked Dagger,53,Dagger
13817,Tapered Greatsword,58,Two-Handed Sword
3946,Twill Bracers,54,Cloth Armor
13819,Balanced War Axe,59,Two-Handed Axe
13820,Clout Mace,54,One-Handed Mace
3998,Laminated Scale Shoulderpads,55,Mail Armor
3947,Twill Cloak,52,Cloak
15187,Praetorian Pauldrons,54,Leather Armor
15229,Blesswind Hammer,55,One-Handed Mace
14305,Bonecaster's Sarong,57,Cloth Armor
15324,Burnside Rifle,56,Gun
11978,Jasper Link,58,Ring
14492,Pattern: Felcloth Boots,57,Tailoring Pattern
15427,Peerless Cloak,54,Cloak
15985,Arachnidian Branch,57,Off-hand Frill
14311,Celestial Bindings,55,Cloth Armor
15237,Corpse Harvester,55,One-Handed Axe
14968,Glorious Belt,55,Plate Armor
13022,Gryphonwing Long Bow,55,Bow
14958,High Chief's Armor,56,Plate Armor
14962,High Chief's Legguards,54,Plate Armor
15662,Impenetrable Gauntlets,57,Mail Armor
15646,Ironhide Legguards,55,Mail Armor
15391,Jadefire Cap,56,Leather Armor
14924,Lofty Breastplate,57,Plate Armor
15653,Merciless Gauntlets,53,Mail Armor
8390,Pattern: Big Voodoo Cloak,48,Leatherworking Pattern
15737,Pattern: Chimeric Boots,55,Leatherworking Pattern
14466,Pattern: Frostweave Tunic,51,Tailoring Pattern
12689,Plans: Radiant Breastplate,54,Blacksmithing Plans
14671,Pridelord Boots,56,Leather Armor
14674,Pridelord Girdle,55,Leather Armor
14789,Protector Breastplate,54,Mail Armor
9298,Recipe: Elixir of Giants,49,Alchemy Recipe
11990,Selenium Loop,55,Ring
13144,Serenity Belt,53,Cloth Armor
15228,Smashing Star,53,One-Handed Mace
1607,Soulkeeper,54,Staff
14844,Sunscale Chestguard,54,Plate Armor
4500,Traveler's Backpack,55,Bag
14855,Vanguard Gauntlets,55,Plate Armor
15415,Blue Dragonscale,50,Leather
17962,Blue Sack of Gems,1,Other (Miscellaneous)
19130,Cold Snap,70,Wand
19132,Crystal Adorned Crown,68,Cloth Armor
18208,Drape of Benediction,67,Cloak
18202,Eskhandar's Left Claw,66,Fist Weapon
14336,Eternal Wraps,65,Cloth Armor
14981,Exalted Epaulets,62,Plate Armor
14975,Exalted Harness,65,Plate Armor
17070,Fang of the Mystics,70,Dagger
17964,Gray Sack of Gems,1,Other (Miscellaneous)
17963,Green Sack of Gems,1,Other (Miscellaneous)
18545,Leggings of Arcane Supremacy,69,Cloth Armor
18704,Mature Blue Dragon Sinew,71,Quest
18541,Puissant Cape,70,Cloak
17969,Red Sack of Gems,1,Other (Miscellaneous)
19131,Snowblind Shoes,69,Cloth Armor
15439,Supreme Crown,64,Leather Armor
15438,Supreme Gloves,63,Leather Armor
18542,Typhoon,68,Two-Handed Sword
18547,Unmelting Ice Girdle,71,Plate Armor
17965,Yellow Sack of Gems,1,Other (Miscellaneous)
15289,Archstrike Bow,65,Bow
14330,Eternal Bindings,61,Cloth Armor
14331,Eternal Cloak,58,Cloak
14337,Eternal Cord,61,Cloth Armor
14977,Exalted Girdle,60,Plate Armor
16215,Formula: Enchant Boots - Greater Stamina,52,Enchanting Formula
16218,Formula: Enchant Bracer - Superior Spirit,54,Enchanting Formula
13107,Magiskull Cuffs,62,Cloth Armor
13006,Mass of McGowan,62,One-Handed Mace
13073,Mugthol's Helm,52,Plate Armor
14467,Pattern: Frostweave Robe,51,Tailoring Pattern
14497,Pattern: Mooncloth Leggings,58,Tailoring Pattern
14470,Pattern: Runecloth Tunic,52,Tailoring Pattern
15731,Pattern: Runic Leather Gauntlets,54,Leatherworking Pattern
15765,Pattern: Runic Leather Pants,60,Leatherworking Pattern
7976,Plans: Mithril Shield Spike,43,Blacksmithing Plans
14047,Runecloth,50,Cloth
8953,Deep Fried Plantains,55,Food & Drink
13443,Superior Mana Potion,51,Potion
14861,Vanguard Vambraces,52,Plate Armor
15631,Formidable Chestpiece,52,Mail Armor
14662,Keeper's Hooves,51,Leather Armor
14290,Arachnidian Footpads,51,Cloth Armor
12044,Arctic Pendant,51,Amulet
15253,Beheading Blade,52,Two-Handed Sword
14450,Highborne Cloak,51,Cloak
15395,Jadefire Epaulets,53,Leather Armor
15236,Moon Cleaver,52,One-Handed Axe
15216,Rune Sword,51,One-Handed Sword
14444,Venomshroud Leggings,52,Cloth Armor
14313,Celestial Cape,54,Cloak
15279,Ivory Wand,51,Wand
14281,Opulent Crown,53,Cloth Armor
15183,Praetorian Cloak,50,Cloak
15622,Gryphon Mail Breastplate,51,Mail Armor
14920,Jade Legplates,51,Plate Armor
14666,Keeper's Gloves,51,Leather Armor
14668,Keeper's Woolies,52,Leather Armor
15381,Rageclaw Chestguard,51,Leather Armor
14851,Sunscale Spaulders,51,Plate Armor
11989,Vanadium Loop,51,Ring
14267,Bloodwoven Jerkin,51,Cloth Armor
15274,Diviner Long Staff,52,Staff
14275,Gaea's Raiment,52,Cloth Armor
14957,High Chief's Sabatons,51,Plate Armor
14447,Highborne Footpads,53,Cloth Armor
15644,Ironhide Gauntlets,52,Mail Armor
15388,Jadefire Belt,52,Leather Armor
15393,Jadefire Gloves,52,Leather Armor
11732,Libram of Rumination,50,Book
15175,Potent Helmet,51,Leather Armor
14673,Pridelord Cape,52,Cloak
14795,Protector Helm,53,Mail Armor
14797,Protector Pads,51,Mail Armor
3975,Smooth Leather Shoulderpads,52,Leather Armor
3948,Twill Gloves,58,Cloth Armor
11405,Giant Silver Vein,1,Consumable
3712,Turtle Meat,30,Meat
14300,Bonecaster's Cape,52,Cloak
12035,Obsidian Pendant,57,Amulet
7993,Plans: Dazzling Mithril Rapier,48,Blacksmithing Plans
4555,Thick Scaly Tail,1,Junk
4556,Speckled Shell Fragment,1,Junk
8170,Rugged Leather,50,Leather
4608,Raw Black Truffle,45,Food & Drink
7972,Ichor of Undeath,45,Elemental
1994,Ebonclaw Reaver,46,One-Handed Axe
14428,Windchaser Footpads,44,Cloth Armor
14787,Khan's Mantle,47,Mail Armor
14843,Tyrant's Helm,46,Plate Armor
14944,Warbringer's Crown,45,Plate Armor
15270,Gigantic War Axe,46,Two-Handed Axe
14257,Lunar Leggings,45,Cloth Armor
4638,Reinforced Steel Lockbox,45,Other (Miscellaneous)
5216,Umbral Wand,45,Wand
15602,Ancient Crown,45,Mail Armor
14911,Brutish Boots,46,Plate Armor
15287,Crusader Bow,45,Bow
15215,Furious Falchion,45,One-Handed Sword
14276,Gaea's Belt,47,Cloth Armor
14783,Khan's Belt,46,Mail Armor
15378,Rageclaw Belt,46,Leather Armor
15386,Rageclaw Shoulder Pads,48,Leather Armor
14431,Windchaser Handguards,44,Cloth Armor
15601,Ancient Chestpiece,46,Mail Armor
8199,Battlefield Destroyer,47,Two-Handed Sword
14259,Bloodwoven Boots,46,Cloth Armor
14260,Bloodwoven Bracers,44,Cloth Armor
14258,Bloodwoven Cord,45,Cloth Armor
13055,Bonechewer,48,Polearm
14244,Darkmist Wraps,46,Cloth Armor
7552,Falcon's Hook,44,Ring
14272,Gaea's Handwraps,47,Cloth Armor
15624,Gryphon Cloak,45,Cloak
15628,Gryphon Mail Pauldrons,48,Mail Armor
14914,Jade Bracers,46,Plate Armor
14784,Khan's Greaves,46,Mail Armor
14252,Lunar Coronet,45,Cloth Armor
12012,Marsh Ring,45,Ring
8387,Pattern: Big Voodoo Mask,44,Leatherworking Pattern
15172,Potent Bands,47,Leather Armor
14951,Bloodforged Sabatons,47,Plate Armor
15173,Potent Cape,46,Cloak
15252,Tusker Sword,49,Two-Handed Sword
10315,Pattern: Red Mageweave Shoulders,47,Tailoring Pattern
14939,Warbringer's Chestguard,46,Plate Armor
15604,Ancient Defender,46,Shield
14264,Bloodwoven Pants,48,Cloth Armor
15632,Formidable Cape,46,Cloak
14921,Jade Epaulets,49,Plate Armor
14779,Khan's Chestpiece,49,Mail Armor
1608,Skullcrusher Mace,47,One-Handed Mace
1720,Tanglewood Staff,46,Staff
14439,Venomshroud Armguards,47,Cloth Armor
14443,Venomshroud Mantle,49,Cloth Armor
15373,Wolf Rider's Headgear,47,Leather Armor
11974,Aquamarine Ring,46,Ring
7553,Band of the Unicorn,48,Ring
14950,Bloodforged Belt,46,Plate Armor
14956,Bloodforged Bindings,45,Plate Armor
14266,Bloodwoven Pads,47,Cloth Armor
14907,Brutish Helmet,48,Plate Armor
3208,Conk Hammer,48,Two-Handed Mace
4088,Dreadblade,47,Dagger
871,Flurry Axe,47,One-Handed Axe
9433,Forgotten Wraps,46,Cloth Armor
14271,Gaea's Circlet,49,Cloth Armor
14270,Gaea's Cloak,45,Cloak
14268,Gaea's Cuffs,46,Cloth Armor
18624,Flawless Fel Essence (Azshara),1,Quest
16885,Heavy Junkbox,50,Quest
12662,Demonic Rune,50,Other (Trade Goods)
14256,Felcloth,50,Cloth
10306,Scroll of Spirit IV,55,Scroll
15291,Harpy Needler,51,Bow
14960,High Chief's Belt,51,Plate Armor
14289,Arachnidian Girdle,51,Cloth Armor
14451,Highborne Gloves,53,Cloth Armor
14274,Gaea's Leggings,51,Cloth Armor
15983,Gaea's Scepter,52,Off-hand Frill
14448,Highborne Bracelets,52,Cloth Armor
14454,Highborne Cord,53,Cloth Armor
14919,Jade Circlet,52,Plate Armor
11737,Libram of Voracity,50,Book
14927,Lofty Belt,52,Plate Armor
15170,Potent Armor,52,Leather Armor
15182,Praetorian Wristbands,51,Leather Armor
14850,Sunscale Legplates,52,Plate Armor
14801,Bloodlust Cape,52,Cloak
14473,Pattern: Ghostweave Belt,53,Tailoring Pattern
14477,Pattern: Ghostweave Gloves,54,Tailoring Pattern
14273,Gaea's Amice,48,Cloth Armor
15636,Formidable Belt,49,Mail Armor
14660,Scorpashi Shoulder Pads,47,Leather Armor
14292,Arachnidian Cape,49,Cloak
14908,Brutish Legguards,48,Plate Armor
15638,Formidable Shoulder Pads,49,Mail Armor
11225,Formula: Enchant Bracer - Greater Stamina,49,Enchanting Formula
14277,Gaea's Tunic,52,Cloth Armor
14786,Khan's Legguards,47,Mail Armor
15652,Merciless Cloak,51,Cloak
10320,Pattern: Red Mageweave Headband,48,Tailoring Pattern
8385,Pattern: Turtle Scale Gloves,41,Leatherworking Pattern
15323,Percussion Shotgun,50,Gun
15174,Potent Gloves,50,Leather Armor
14791,Protector Cape,48,Cloak
9295,Recipe: Invisibility Potion,47,Alchemy Recipe
4089,Ricochet Blunderbuss,48,Gun
15263,Royal Mallet,50,Two-Handed Mace
1685,Troll-hide Bag,45,Bag
14442,Venomshroud Mitts,49,Cloth Armor
14434,Windchaser Robes,49,Cloth Armor
4017,Sharp Shortsword,46,One-Handed Sword
3966,Thick Leather Pants,42,Leather Armor
3941,Crochet Pants,45,Cloth Armor
4000,Overlinked Chain Belt,44,Mail Armor
7971,Black Pearl,40,Trade Good
5500,Iridescent Pearl,25,Trade Good
7974,Zesty Clam Meat,45,Meat
5498,Small Lustrous Pearl,15,Trade Good
10242,Heavy Lamellar Gauntlets,52,Plate Armor
10239,Heavy Lamellar Vambraces,51,Plate Armor
10083,Lord's Crown,51,Mail Armor
10084,Lord's Legguards,52,Mail Armor
10176,Mystical Gloves,54,Cloth Armor
10203,Overlord's Chestplate,52,Plate Armor
10134,Revenant Shoulders,51,Plate Armor
10068,Righteous Boots,51,Leather Armor
